﻿<?xml version="1.0" encoding="UTF-8"?>
<!--Created:cb85b80c-f585-40ff-8bfc-12ff4d0e34a9-->
<OfficeApp xmlns="http://schemas.microsoft.com/office/appforoffice/1.1" xmlns:xsi="http://www.w3.org/2001/XMLSchema-instance" xsi:type="MailApp">
  <Id>e4701824-8078-4ae9-ad3c-fd4c68d9ac57</Id>
  <Version>1.0.0.0</Version>
  <ProviderName>[Provider name]</ProviderName>
  <DefaultLocale>en-US</DefaultLocale>
  <DisplayName DefaultValue="MailApp" />
  <Description DefaultValue="MailApp"/>
  <Hosts>
    <Host Name="Mailbox" />
  </Hosts>
  <Requirements>
    <Sets>
      <Set Name="MailBox" MinVersion="1.1" />
    </Sets>
  </Requirements>
  <FormSettings>
    <Form xsi:type="ItemRead">
      <DesktopSettings>
        <SourceLocation DefaultValue="~remoteAppUrl/AppRead/Home/Home.html"></SourceLocation>
        <RequestedHeight>400</RequestedHeight>
      </DesktopSettings>
    </Form>
    <Form xsi:type="ItemEdit">
      <DesktopSettings>
        <SourceLocation DefaultValue="~remoteAppUrl/AppCompose/Home/Home.html"/>
      </DesktopSettings>
    </Form>
  </FormSettings>
  <Permissions>ReadWriteItem</Permissions>
  <Rule xsi:type="RuleCollection" Mode="Or">
    <Rule xsi:type="ItemIs" ItemType="Message" FormType="Edit" />
    <Rule xsi:type="ItemIs" ItemType="Appointment" FormType="Edit" />
    <Rule xsi:type="ItemIs" ItemType="Message" FormType="Read" />
    <Rule xsi:type="ItemIs" ItemType="Appointment" FormType="Read" />
  </Rule>
  <DisableEntityHighlighting>false</DisableEntityHighlighting>
</OfficeApp>
